<?xml version='1.0' encoding='UTF-8'?>
<?artifactRepository version='1.1.0'?>
<repository name='file:/Users/dejimjuang/Workspace/mulesoft/channels/excel-connector/target/update-site/ - artifacts' type='org.eclipse.equinox.p2.artifact.repository.simpleRepository' version='1'>
  <properties size='2'>
    <property name='p2.timestamp' value='1450228236133'/>
    <property name='p2.compressed' value='false'/>
  </properties>
  <mappings size='3'>
    <rule filter='(&amp; (classifier=osgi.bundle))' output='${repoUrl}/plugins/${id}_${version}.jar'/>
    <rule filter='(&amp; (classifier=binary))' output='${repoUrl}/binary/${id}_${version}'/>
    <rule filter='(&amp; (classifier=org.eclipse.update.feature))' output='${repoUrl}/features/${id}_${version}.jar'/>
  </mappings>
  <artifacts size='2'>
    <artifact classifier='osgi.bundle' id='org.mule.tooling.ui.contribution.excel.3.5.0' version='1.0.0.201512151910'>
      <properties size='3'>
        <property name='artifact.size' value='6386891'/>
        <property name='download.size' value='6386891'/>
        <property name='download.md5' value='f560d36b7a0790fdc85bd0856d1af9e4'/>
      </properties>
    </artifact>
    <artifact classifier='org.eclipse.update.feature' id='org.mule.tooling.ui.extension.excel-connector.3.5.0' version='1.0.0.201512151910'>
      <properties size='4'>
        <property name='artifact.size' value='652'/>
        <property name='download.size' value='652'/>
        <property name='download.md5' value='ea26e08475f1fa771120dab0eb83668e'/>
        <property name='download.contentType' value='application/zip'/>
      </properties>
    </artifact>
  </artifacts>
</repository>
