<?xml version='1.0' encoding='UTF-8'?>
<?artifactRepository version='1.1.0'?>
<repository name='file:/Users/dejimjuang/Workspace/mulesoft/channels/excel-connector/target/update-site/ - artifacts' type='org.eclipse.equinox.p2.artifact.repository.simpleRepository' version='1'>
  <properties size='2'>
    <property name='p2.timestamp' value='1450227940239'/>
    <property name='p2.compressed' value='false'/>
  </properties>
  <mappings size='3'>
    <rule filter='(&amp; (classifier=osgi.bundle))' output='${repoUrl}/plugins/${id}_${version}.jar'/>
    <rule filter='(&amp; (classifier=binary))' output='${repoUrl}/binary/${id}_${version}'/>
    <rule filter='(&amp; (classifier=org.eclipse.update.feature))' output='${repoUrl}/features/${id}_${version}.jar'/>
  </mappings>
  <artifacts size='2'>
    <artifact classifier='osgi.bundle' id='org.mule.tooling.ui.contribution.excel.3.5.0' version='1.0.0.201512151905'>
      <properties size='3'>
        <property name='artifact.size' value='6386844'/>
        <property name='download.size' value='6386844'/>
        <property name='download.md5' value='4af6743bf3fd9044935ded54b4063a29'/>
      </properties>
    </artifact>
    <artifact classifier='org.eclipse.update.feature' id='org.mule.tooling.ui.extension.excel-connector.3.5.0' version='1.0.0.201512151905'>
      <properties size='4'>
        <property name='artifact.size' value='652'/>
        <property name='download.size' value='652'/>
        <property name='download.md5' value='a61347c23974a16864a0baab2e369483'/>
        <property name='download.contentType' value='application/zip'/>
      </properties>
    </artifact>
  </artifacts>
</repository>
